"name","MAE","metric","estimate","lower","upper"
"CP25",1.45154423878406,"MB",-0.645065455433559,-1.18279190032386,0.345198755937586
"CP25",1.45154423878406,"RMSE",2.14879228679998,1.34160270804276,2.84049632510282
"CP25",1.45154423878406,"NSE",0.678542566061885,0.369455312742915,0.915729337737447
"CP25",1.45154423878406,"KGE",0.675195746960695,0.367158860083874,0.871338660009987
"E10",2.1259258400137,"MB",2.00980848767161,0.878944434458293,2.95223960091879
"E10",2.1259258400137,"RMSE",3.2227974201395,1.87347567452824,4.1248088151578
"E10",2.1259258400137,"NSE",0.379663080893235,-0.0272703736083559,0.539907518486343
"E10",2.1259258400137,"KGE",0.304160454072002,0.00573654895695119,0.419655939818412
