"station","model","metric","lower","upper"
"Fortress - Powerline Forest","CP25",0.930208562600501,0.898476202912524,0.952724689392643
"Fortress - Powerline Forest","E10",0.896581937095818,0.839035906288801,0.935378529370233
"Marmot - Upper Forest","CP25",0.786549624680193,0.71520333804021,0.850158883363131
"Marmot - Upper Forest","E10",0.616797824470943,0.483697887630332,0.733096933986532
"Russell - Old Growth","CP25",-0.968901226252996,-1.43027990023078,-0.453299337362678
"Russell - Old Growth","E10",-3.77584882325248,-5.06503159109701,-2.93071552483979
"Wolf Creek - Forest","CP25",0.732089963046809,0.63150850256199,0.824931414843974
"Wolf Creek - Forest","E10",0.677443125253923,0.442079372134192,0.8385566974286
