"name","year","Mean Bias","MAE","RMS Error","NRMSE","R","r^2","NSE","KGE","n"
"CP25","2007-2008",-1.933,2.724,3.255,0.347,0.919,0.844,0.496724850238741,0.601984869941668,11
"E10","2007-2008",3.82,4.208,5.295,0.564,0.606,0.367,-0.332363993303036,0.350327577379639,11
"CP25","2018-2019",-0.37,0.772,1.579,0.761,0.947,0.897,0.827038141738136,0.73233701860675,3838
"E10","2018-2019",1.031,1.125,2.389,1.151,0.887,0.787,0.604303425670566,0.325284808726852,3838
"CP25","All",-0.374,0.778,1.587,0.757,0.947,0.898,0.827479583983663,0.731585239888503,3849
"E10","All",1.039,1.134,2.402,1.146,0.887,0.786,0.604567271859964,0.326897669445781,3849
