"name","year","Mean Bias","MAE","RMS Error","NRMSE","R","r^2","NSE","KGE","n"
"CP25","2007-2008",-2.031,2.758,3.331,0.355,0.919,0.845,0.472843939424065,0.590051878707055,11
"E10","2007-2008",3.82,4.208,5.295,0.564,0.606,0.367,-0.332363993303036,0.350327577379639,11
"CP25","2018-2019",-0.391,0.792,1.638,0.789,0.944,0.892,0.813867560776162,0.716569185706156,3838
"E10","2018-2019",1.031,1.125,2.389,1.151,0.887,0.787,0.604303425670566,0.325284808726852,3838
"CP25","All",-0.395,0.798,1.646,0.785,0.945,0.893,0.814402151478824,0.715843140802599,3849
"E10","All",1.039,1.134,2.402,1.146,0.887,0.786,0.604567271859964,0.326897669445781,3849
